Workbook

Sheet Summary
A1: Sizing summary
A3: Metric | B3: Value | C3: Note
A4: Number of third-party sources | B4: =COUNTA(Sizing!B5:B13) -> 9
A5: Average EPS (total) | B5: =Sizing!F14 -> 204
A6: Peak EPS (avg x multiplier) | B6: =B5*Assumptions!B9 -> 612 | C6: Use for collector / HEC capacity
A7: Raw ingest (GB/day) | B7: =Sizing!H14 -> 11.52576 | C7: Before any filtering
A8: Saved by pre-ingest filtering (GB/day) | B8: =B7-B9 -> 3.4992
A9: Ingest after filtering (GB/day) | B9: =Sizing!J14 -> 8.02656 | C9: Baseline for licensing
A10: Ingest incl. growth buffer (GB/day) | B10: =B9*(1+Assumptions!B8) -> 10.0332 | C10: 12-month planning figure
A11: Free third-party tier (GB/day) | B11: =Assumptions!B10 -> 10 | C11: VERIFY against current licensing
A12: Headroom vs free tier - today (GB/day) | B12: =B11-B9 -> 1.97344 | C12: Negative = over
A13: Headroom vs free tier - with growth (GB/day) | B13: =B11-B10 -> -0.0332 | C13: Negative = over
A14: Licensing status (with growth) | B14: =IF(B10<=B11,"Within free tier","Exceeds free tier - licensed volume needed") -> Exceeds free tier - licensed volume needed
A15: Stored data, steady state (GB) | B15: =Sizing!L14 -> 142.4088 | C15: Depends on compression assumption
A18: Ingest by category (after filtering)
A19: Category | B19: Ingest GB/day | C19: Share of total
A20: Identity | B20: =SUMIF(Sizing!$C$5:$C$13,A20,Sizing!$J$5:$J$13) -> 0.648 | C20: =IF($B$9=0,0,B20/$B$9) -> 0.08073197
A21: SaaS | B21: =SUMIF(Sizing!$C$5:$C$13,A21,Sizing!$J$5:$J$13) -> 0.5184 | C21: =IF($B$9=0,0,B21/$B$9) -> 0.064585576
A22: Cloud | B22: =SUMIF(Sizing!$C$5:$C$13,A22,Sizing!$J$5:$J$13) -> 0.76032 | C22: =IF($B$9=0,0,B22/$B$9) -> 0.094725511
A23: Firewall | B23: =SUMIF(Sizing!$C$5:$C$13,A23,Sizing!$J$5:$J$13) -> 2.85984 | C23: =IF($B$9=0,0,B23/$B$9) -> 0.35629709
A24: Proxy | B24: =SUMIF(Sizing!$C$5:$C$13,A24,Sizing!$J$5:$J$13) -> 1.8144 | C24: =IF($B$9=0,0,B24/$B$9) -> 0.22604952
A25: OS | B25: =SUMIF(Sizing!$C$5:$C$13,A25,Sizing!$J$5:$J$13) -> 1.4256 | C25: =IF($B$9=0,0,B25/$B$9) -> 0.17761033
A26: TOTAL | B26: =SUM(B20:B25) -> 8.02656 | C26: =SUM(C20:C25) -> 1
A27: Check: category total equals ingest after filtering | B27: =IF(ABS(B26-B9)<0.0001,"OK","MISMATCH") -> OK

Sheet Assumptions
A1: NG-SIEM sizing calculator - assumptions
A2: LEGEND: blue text = input you can edit | black = formula | yellow fill = key assumption to validate in your own tenant. All figures are fictional planning values for 'Northwind Labs' (500 users, 300 endpoints).
A4: Parameter | B4: Value | C4: Source / note
A5: Compression ratio (raw : stored) | B5: 10 | C5: ASSUMPTION - planning value. Measure the real ratio from repository stats after onboarding.
A6: Seconds per day | B6: 86400 | C6: Constant.
A7: Bytes per GB (decimal) | B7: 1000000000 | C7: Constant. Decimal GB for simple capacity planning.
A8: Growth buffer (12 months) | B8: 0.25 | C8: ASSUMPTION - author planning value (new sources + org growth).
A9: Peak-to-average EPS multiplier | B9: 3 | C9: ASSUMPTION - used only to size collectors/HEC for bursts.
A10: Free third-party ingest (GB/day) | B10: 10 | C10: From author's study notes (Falcon Insight XDR customer). VERIFY against current CrowdStrike licensing.

Sheet Sizing
A1: Per-source sizing (third-party data only; first-party Falcon data is not counted here)
A2: LEGEND: edit blue cells (EPS, event size, filter %, retention). Row 5 (Okta) is the example of the expected format. Raw GB/day = EPS x bytes x 86400 / 1e9.
A4: ID | B4: Source | C4: Category | D4: Onboarding method | E4: Target repo (logical) | F4: Avg EPS | G4: Avg event size (bytes) | H4: Raw GB/day | I4: Pre-ingest filter reduction | J4: Ingest GB/day | K4: Retention (days) | L4: Stored GB (steady state) | M4: Notes
A5: SRC-01 | B5: Okta SSO | C5: Identity | D5: Data connector (API pull) | E5: repo-identity | F5: 3 | G5: 900 | H5: =F5*G5*Assumptions!$B$6/Assumptions!$B$7 -> 0.23328 | I5: 0 | J5: =H5*(1-I5) -> 0.23328 | K5: 365 | L5: =J5*K5/Assumptions!$B$5 -> 8.51472 | M5: System log; high investigative value
A6: SRC-02 | B6: Microsoft Entra ID | C6: Identity | D6: Data connector (API pull) | E6: repo-identity | F6: 4 | G6: 1200 | H6: =F6*G6*Assumptions!$B$6/Assumptions!$B$7 -> 0.41472 | I6: 0 | J6: =H6*(1-I6) -> 0.41472 | K6: 365 | L6: =J6*K6/Assumptions!$B$5 -> 15.13728 | M6: Sign-in + audit logs
A7: SRC-03 | B7: Microsoft 365 audit | C7: SaaS | D7: Data connector (API pull) | E7: repo-saas | F7: 6 | G7: 1000 | H7: =F7*G7*Assumptions!$B$6/Assumptions!$B$7 -> 0.5184 | I7: 0 | J7: =H7*(1-I7) -> 0.5184 | K7: 365 | L7: =J7*K7/Assumptions!$B$5 -> 18.9216 | M7: Exchange/SharePoint/Teams audit
A8: SRC-04 | B8: AWS CloudTrail | C8: Cloud | D8: Data connector (API pull) | E8: repo-cloud | F8: 8 | G8: 1100 | H8: =F8*G8*Assumptions!$B$6/Assumptions!$B$7 -> 0.76032 | I8: 0 | J8: =H8*(1-I8) -> 0.76032 | K8: 365 | L8: =J8*K8/Assumptions!$B$5 -> 27.75168 | M8: Management events; data events excluded
A9: SRC-05 | B9: FortiGate - traffic | C9: Firewall | D9: CrowdStream filter -> NG-SIEM | E9: repo-net-traffic | F9: 100 | G9: 550 | H9: =F9*G9*Assumptions!$B$6/Assumptions!$B$7 -> 4.752 | I9: 0.5 | J9: =H9*(1-I9) -> 2.376 | K9: 90 | L9: =J9*K9/Assumptions!$B$5 -> 21.384 | M9: Drop allowed internal-to-internal noise pre-ingest
A10: SRC-06 | B10: FortiGate - UTM/event | C10: Firewall | D10: Falcon Log Collector (syslog) | E10: repo-net-security | F10: 8 | G10: 700 | H10: =F10*G10*Assumptions!$B$6/Assumptions!$B$7 -> 0.48384 | I10: 0 | J10: =H10*(1-I10) -> 0.48384 | K10: 180 | L10: =J10*K10/Assumptions!$B$5 -> 8.70912 | M10: IPS, VPN, admin events
A11: SRC-07 | B11: Zscaler Internet Access | C11: Proxy | D11: HEC (push) | E11: repo-net-traffic | F11: 40 | G11: 700 | H11: =F11*G11*Assumptions!$B$6/Assumptions!$B$7 -> 2.4192 | I11: 0.25 | J11: =H11*(1-I11) -> 1.8144 | K11: 90 | L11: =J11*K11/Assumptions!$B$5 -> 16.3296 | M11: Filter health-check/CDN noise
A12: SRC-08 | B12: Windows Security (domain controllers) | C12: OS | D12: Falcon Log Collector (Windows events) | E12: repo-os | F12: 25 | G12: 800 | H12: =F12*G12*Assumptions!$B$6/Assumptions!$B$7 -> 1.728 | I12: 0.3 | J12: =H12*(1-I12) -> 1.2096 | K12: 180 | L12: =J12*K12/Assumptions!$B$5 -> 21.7728 | M12: Drop noisy event IDs; keep 4624/4625/4768/4769 etc.
A13: SRC-09 | B13: Linux auth/syslog | C13: OS | D13: Falcon Log Collector (file/syslog) | E13: repo-os | F13: 10 | G13: 250 | H13: =F13*G13*Assumptions!$B$6/Assumptions!$B$7 -> 0.216 | I13: 0 | J13: =H13*(1-I13) -> 0.216 | K13: 180 | L13: =J13*K13/Assumptions!$B$5 -> 3.888 | M13: auth.log, sudo, sshd
B14: TOTAL | F14: =SUM(F5:F13) -> 204 | H14: =SUM(H5:H13) -> 11.52576 | J14: =SUM(J5:J13) -> 8.02656 | L14: =SUM(L5:L13) -> 142.4088
A16: Retention values are design decisions (see docs/04-retention-and-repositories.md), not vendor limits. EPS and event sizes are fictional planning values.
